codigo_titulo,titulo,familia_profesional,nivel,codigo_modulo,nombre_modulo
IFC006_3,Desarrollo y Administración de Aplicaciones Informáticas Página 1,Informática y Comunicaciones,3_Bachiller Técnico,MF_053_3,Análisis y diseño de sistemas informáticos
IFC006_3,Desarrollo y Administración de Aplicaciones Informáticas Página 1,Informática y Comunicaciones,3_Bachiller Técnico,MF_054_3,Desarrollo de aplicaciones y sistemas de información
IFC006_3,Desarrollo y Administración de Aplicaciones Informáticas Página 1,Informática y Comunicaciones,3_Bachiller Técnico,MF_055_3,Implementación y mantenimiento de aplicaciones y sistemas informáticos
IFC006_3,Desarrollo y Administración de Aplicaciones Informáticas Página 1,Informática y Comunicaciones,3_Bachiller Técnico,MF_056_3,Diseño y desarrollo de base de datos
IFC006_3,Desarrollo y Administración de Aplicaciones Informáticas Página 1,Informática y Comunicaciones,3_Bachiller Técnico,MF_057_3,Administración de base de datos
IFC006_3,Desarrollo y Administración de Aplicaciones Informáticas Página 1,Informática y Comunicaciones,3_Bachiller Técnico,MF_058_3,Análisis y diseño de reporte
IFC006_3,Desarrollo y Administración de Aplicaciones Informáticas Página 1,Informática y Comunicaciones,3_Bachiller Técnico,MF_059_3,Diseño de portales web y recursos multimedia
IFC006_3,Desarrollo y Administración de Aplicaciones Informáticas Página 1,Informática y Comunicaciones,3_Bachiller Técnico,MF_060_3,Desarrollo e implementación de soluciones web y multimedia
IFC006_3,Desarrollo y Administración de Aplicaciones Informáticas Página 1,Informática y Comunicaciones,3_Bachiller Técnico,MF_061_3,Duración: 360 horas
IFC007_3,Soporte de Redes y Sistemas,Informática y comunicaciones,3_Bachiller técnico,MF_062_3,Instalación de equipos informáticos
IFC007_3,Soporte de Redes y Sistemas,Informática y comunicaciones,3_Bachiller técnico,MF_063_3,Configuración de equipos informáticos
IFC007_3,Soporte de Redes y Sistemas,Informática y comunicaciones,3_Bachiller técnico,MF_064_3,Resolución de incidentes y requerimientos informáticos
IFC007_3,Soporte de Redes y Sistemas,Informática y comunicaciones,3_Bachiller técnico,MF_065_3,Aplicación de mantenimiento a equipos informáticos
IFC007_3,Soporte de Redes y Sistemas,Informática y comunicaciones,3_Bachiller técnico,MF_066_3,Cableado estructurado
IFC007_3,Soporte de Redes y Sistemas,Informática y comunicaciones,3_Bachiller técnico,MF_067_3,Redes de datos
IFC007_3,Soporte de Redes y Sistemas,Informática y comunicaciones,3_Bachiller técnico,MF_068_3,Seguridad y domótica
IFC007_3,Soporte de Redes y Sistemas,Informática y comunicaciones,3_Bachiller técnico,MF_069_3,Centrales telefónicas
IFC007_3,Soporte de Redes y Sistemas,Informática y comunicaciones,3_Bachiller técnico,MF_070_3,Duración: 360 horas
IFC008_2,Operaciones Informáticas Página 1,Informática y Comunicaciones,2_ Técnico Básico,MF_071_2,Ensamble y configuración de equipos informáticos
IFC008_2,Operaciones Informáticas Página 1,Informática y Comunicaciones,2_ Técnico Básico,MF_072_2,Sistemas Operativos
IFC008_2,Operaciones Informáticas Página 1,Informática y Comunicaciones,2_ Técnico Básico,MF_073_2,Aplicaciones informáticas y herramientas de difusión de contenidos
IFC008_2,Operaciones Informáticas Página 1,Informática y Comunicaciones,2_ Técnico Básico,MF_074_2,Reparación y mantenimiento de equipos informáticos
IFC008_2,Operaciones Informáticas Página 1,Informática y Comunicaciones,2_ Técnico Básico,MF_075_2,Redes locales
IFC008_2,Operaciones Informáticas Página 1,Informática y Comunicaciones,2_ Técnico Básico,MF_076_2,Módulo de
AYC038_3,Gestión Administrativa y Tributaria Página 1,Administración y Comercio,3_Bachiller Técnico,MF_361_3,Comunicación empresarial
AYC038_3,Gestión Administrativa y Tributaria Página 1,Administración y Comercio,3_Bachiller Técnico,MF_362_3,Gestión de datos y documentos
AYC038_3,Gestión Administrativa y Tributaria Página 1,Administración y Comercio,3_Bachiller Técnico,MF_348_3,Contabilidad
AYC038_3,Gestión Administrativa y Tributaria Página 1,Administración y Comercio,3_Bachiller Técnico,MF_364_3,Operaciones administrativas de compraventa
AYC038_3,Gestión Administrativa y Tributaria Página 1,Administración y Comercio,3_Bachiller Técnico,MF_358_3,Impuestos al Consumo y a vehículos de motor
AYC038_3,Gestión Administrativa y Tributaria Página 1,Administración y Comercio,3_Bachiller Técnico,MF_366_3,Gestión administrativa de tesorería
AYC038_3,Gestión Administrativa y Tributaria Página 1,Administración y Comercio,3_Bachiller Técnico,MF_367_3,Gestión administrativa de Recursos Humanos
AYC038_3,Gestión Administrativa y Tributaria Página 1,Administración y Comercio,3_Bachiller Técnico,MF_368_3,Impuesto sobre la Renta
AYC038_3,Gestión Administrativa y Tributaria Página 1,Administración y Comercio,3_Bachiller Técnico,MF_369_3,Gestión y tramitación de documentación en la Administración Pública y Tributaria
AYC038_3,Gestión Administrativa y Tributaria Página 1,Administración y Comercio,3_Bachiller Técnico,MF_370_3,Organización y gestión de una asistencia a la Dirección
AYC038_3,Gestión Administrativa y Tributaria Página 1,Administración y Comercio,3_Bachiller Técnico,MF_371_3,Comercialización de productos y servicios financieros y de seguros
AYC038_3,Gestión Administrativa y Tributaria Página 1,Administración y Comercio,3_Bachiller Técnico,MF_372_3,Impuestos de régimen aduanero y municipal
AYC038_3,Gestión Administrativa y Tributaria Página 1,Administración y Comercio,3_Bachiller Técnico,MF_373_3,Duración: 360 horas
AYC036_3,Comercio y Mercadeo Página 1,Administración y Comercio,3_Bachiller Técnico,MF_340_3,Técnicas de ventas
AYC036_3,Comercio y Mercadeo Página 1,Administración y Comercio,3_Bachiller Técnico,MF_341_3,Información y atención al(a la) cliente(a); consumidor(a) y usuario(a)
AYC036_3,Comercio y Mercadeo Página 1,Administración y Comercio,3_Bachiller Técnico,MF_342_3,Gestión de compras en un establecimiento comercial
AYC036_3,Comercio y Mercadeo Página 1,Administración y Comercio,3_Bachiller Técnico,MF_343_3,Escaparatismo y promociones comerciales
AYC036_3,Comercio y Mercadeo Página 1,Administración y Comercio,3_Bachiller Técnico,MF_344_3,Publicidad y comunicación comercial
AYC036_3,Comercio y Mercadeo Página 1,Administración y Comercio,3_Bachiller Técnico,MF_345_3,Técnicas de entrevistas y encuestas
AYC036_3,Comercio y Mercadeo Página 1,Administración y Comercio,3_Bachiller Técnico,MF_346_3,Organización de un sistema de información de consumo
AYC036_3,Comercio y Mercadeo Página 1,Administración y Comercio,3_Bachiller Técnico,MF_347_3,Marketing
AYC036_3,Comercio y Mercadeo Página 1,Administración y Comercio,3_Bachiller Técnico,MF_348_3,Contabilidad
AYC036_3,Comercio y Mercadeo Página 1,Administración y Comercio,3_Bachiller Técnico,MF_349_3,Impuesto al consumo
AYC036_3,Comercio y Mercadeo Página 1,Administración y Comercio,3_Bachiller Técnico,MF_350_3,Duración: 360 horas
AYC037_3,Logística y Transporte Página 1,Administración y Comercio,3_Bachiller Técnico,MF_351_3,Gestión de aprovisionamiento de bienes e insumos
AYC037_3,Logística y Transporte Página 1,Administración y Comercio,3_Bachiller Técnico,MF_352_3,Logística en el almacenaje de bienes e insumos
AYC037_3,Logística y Transporte Página 1,Administración y Comercio,3_Bachiller Técnico,MF_353_3,Gestión del transporte y distribución de bienes e insumos
AYC037_3,Logística y Transporte Página 1,Administración y Comercio,3_Bachiller Técnico,MF_354_3,Gestión integral de la cadena logística
AYC037_3,Logística y Transporte Página 1,Administración y Comercio,3_Bachiller Técnico,MF_355_3,Información y atención al cliente; consumidor y usuario
AYC037_3,Logística y Transporte Página 1,Administración y Comercio,3_Bachiller Técnico,MF_348_3,Contabilidad
AYC037_3,Logística y Transporte Página 1,Administración y Comercio,3_Bachiller Técnico,MF_357_3,Gestión administrativa de tesorería
AYC037_3,Logística y Transporte Página 1,Administración y Comercio,3_Bachiller Técnico,MF_358_3,Impuesto al consumo y a vehículos de motor
AYC037_3,Logística y Transporte Página 1,Administración y Comercio,3_Bachiller Técnico,MF_359_3,Impuesto de régimen municipal y aduanero
AYC037_3,Logística y Transporte Página 1,Administración y Comercio,3_Bachiller Técnico,MF_360_3,Duración: 360 horas
AYC040_2,Actividades Administrativas Página 1,Administración y Comercio,2_Técnico Básico,MF_381_2,Técnicas básicas de comunicación
AYC040_2,Actividades Administrativas Página 1,Administración y Comercio,2_Técnico Básico,MF_382_2,Confección; reproducción y archivo de documentación
AYC040_2,Actividades Administrativas Página 1,Administración y Comercio,2_Técnico Básico,MF_383_2,Grabación de datos; textos y documentos
AYC040_2,Actividades Administrativas Página 1,Administración y Comercio,2_Técnico Básico,MF_384_2,Técnicas básicas de atención al cliente
AYC040_2,Actividades Administrativas Página 1,Administración y Comercio,2_Técnico Básico,MF_385_2,Técnicas administrativas básicas en las operaciones de gestión comercial
AYC040_2,Actividades Administrativas Página 1,Administración y Comercio,2_Técnico Básico,MF_386_2,Formación en centros 6 270 270
ELE049_3,Instalaciones Eléctricas 1,Electricidad y Electrónica,3_Bachiller Técnico,MF_453_3,Dibujo técnico en circuitos eléctricos
ELE049_3,Instalaciones Eléctricas 1,Electricidad y Electrónica,3_Bachiller Técnico,MF_454_3,Instalaciones eléctricas en viviendas y edificios
ELE049_3,Instalaciones Eléctricas 1,Electricidad y Electrónica,3_Bachiller Técnico,MF_455_3,Instalaciones eléctricas en edificios de oficinas; comercios e industrias
ELE049_3,Instalaciones Eléctricas 1,Electricidad y Electrónica,3_Bachiller Técnico,MF_456_3,Redes eléctricas aéreas de baja tensión
ELE049_3,Instalaciones Eléctricas 1,Electricidad y Electrónica,3_Bachiller Técnico,MF_457_3,Redes eléctricas subterráneas de baja tensión
ELE049_3,Instalaciones Eléctricas 1,Electricidad y Electrónica,3_Bachiller Técnico,MF_458_3,Montaje y mantenimiento de máquinas eléctricas
ELE049_3,Instalaciones Eléctricas 1,Electricidad y Electrónica,3_Bachiller Técnico,MF_459_3,Instalaciones eléctricas automatizadas en viviendas y edificios
ELE049_3,Instalaciones Eléctricas 1,Electricidad y Electrónica,3_Bachiller Técnico,MF_460_3,eléctricas Formación en
ELE050_3,Equipos Electrónicos Pág. 1,Electricidad y Electrónica,3_Bachiller Técnico,MF_461_3,Circuitos electrónicos
ELE050_3,Equipos Electrónicos Pág. 1,Electricidad y Electrónica,3_Bachiller Técnico,MF_463_3,Ensamblaje y montaje de equipos eléctricos y electrónicos
ELE050_3,Equipos Electrónicos Pág. 1,Electricidad y Electrónica,3_Bachiller Técnico,MF_464_3,Mantenimiento de equipos con circuitos microprogramables
ELE050_3,Equipos Electrónicos Pág. 1,Electricidad y Electrónica,3_Bachiller Técnico,MF_465_3,Mantenimiento de equipos electrónicos de potencia y control
ELE050_3,Equipos Electrónicos Pág. 1,Electricidad y Electrónica,3_Bachiller Técnico,MF_466_3,Mantenimiento de equipos de imagen y sonido
ELE050_3,Equipos Electrónicos Pág. 1,Electricidad y Electrónica,3_Bachiller Técnico,MF_467_3,Mantenimiento de electrodomésticos
ELE050_3,Equipos Electrónicos Pág. 1,Electricidad y Electrónica,3_Bachiller Técnico,MF_468_3,Montaje de sistemas de automatización industrial y robótica
ELE050_3,Equipos Electrónicos Pág. 1,Electricidad y Electrónica,3_Bachiller Técnico,MF_469_3,Sistemas automáticos de medida y regulación
ELE050_3,Equipos Electrónicos Pág. 1,Electricidad y Electrónica,3_Bachiller Técnico,MF_471_3,Duración: 360 Horas
ELE051_3,Refrigeración y Acondicionamiento de Aire Pág. 1,Electricidad y Electrónica,3_Bachiller Técnico,MF_476_3,Montaje y mantenimiento de instalaciones de refrigeración comercial
ELE051_3,Refrigeración y Acondicionamiento de Aire Pág. 1,Electricidad y Electrónica,3_Bachiller Técnico,MF_477_3,Montaje de instalaciones de frío industrial
ELE051_3,Refrigeración y Acondicionamiento de Aire Pág. 1,Electricidad y Electrónica,3_Bachiller Técnico,MF_478_3,Mantenimiento de instalaciones frío industrial
ELE051_3,Refrigeración y Acondicionamiento de Aire Pág. 1,Electricidad y Electrónica,3_Bachiller Técnico,MF_479_3,Montaje de instalaciones de acondicionamiento de aire
ELE051_3,Refrigeración y Acondicionamiento de Aire Pág. 1,Electricidad y Electrónica,3_Bachiller Técnico,MF_480_3,Mantenimiento de instalaciones de acondicionamiento de aire
ELE051_3,Refrigeración y Acondicionamiento de Aire Pág. 1,Electricidad y Electrónica,3_Bachiller Técnico,MF_481_3,Formación
ELE051_3,Refrigeración y Acondicionamiento de Aire Pág. 1,Electricidad y Electrónica,3_Bachiller Técnico,MF_472_3,Duración: 450 horas
ELE055_3,Mecatrónica se especifican a continuación:,Electricidad y Electrónica,3_ Bachiller Técnico,MF_513_3,Equipos eléctricos y electrónicos
ELE055_3,Mecatrónica se especifican a continuación:,Electricidad y Electrónica,3_ Bachiller Técnico,MF_514_3,Circuitos de electrónica digital microprogramable
ELE055_3,Mecatrónica se especifican a continuación:,Electricidad y Electrónica,3_ Bachiller Técnico,MF_515_3,Equipos electrónicos de potencia y control
ELE055_3,Mecatrónica se especifican a continuación:,Electricidad y Electrónica,3_ Bachiller Técnico,MF_516_3,Sistemas neumáticos; hidráulicos y electrónicos de maquinaria industrial
ELE055_3,Mecatrónica se especifican a continuación:,Electricidad y Electrónica,3_ Bachiller Técnico,MF_517_3,Manufactura asistida por computador
ELE055_3,Mecatrónica se especifican a continuación:,Electricidad y Electrónica,3_ Bachiller Técnico,MF_518_3,Formación
ELE052_3,Energía Renovable se especifican a continuación:,Electricidad y Electrónica,3_Bachiller Técnico,MF_482_3,Levantamiento de instalaciones solares fotovoltaicas
ELE052_3,Energía Renovable se especifican a continuación:,Electricidad y Electrónica,3_Bachiller Técnico,MF_483_3,Montaje y mantenimiento de instalaciones solares fotovoltaicas
ELE052_3,Energía Renovable se especifican a continuación:,Electricidad y Electrónica,3_Bachiller Técnico,MF_484_3,Levantamiento de instalaciones eólicas
ELE052_3,Energía Renovable se especifican a continuación:,Electricidad y Electrónica,3_Bachiller Técnico,MF_485_3,Montaje y mantenimiento de generadores eólicos
ELE052_3,Energía Renovable se especifican a continuación:,Electricidad y Electrónica,3_Bachiller Técnico,MF_486_3,Levantamiento de instalaciones de producción de energía por biocombustibles
ELE052_3,Energía Renovable se especifican a continuación:,Electricidad y Electrónica,3_Bachiller Técnico,MF_487_3,Montaje de equipos de generación por biocombustibles
ELE052_3,Energía Renovable se especifican a continuación:,Electricidad y Electrónica,3_Bachiller Técnico,MF_488_3,Operación de instalaciones de generación de biocombustibles
ELE052_3,Energía Renovable se especifican a continuación:,Electricidad y Electrónica,3_Bachiller Técnico,MF_489_3,Mantenimiento de instalaciones de generación por biocombustibles
ELE052_3,Energía Renovable se especifican a continuación:,Electricidad y Electrónica,3_Bachiller Técnico,MF_490_3,Levantamiento de estaciones microhidroeléctricas
ELE052_3,Energía Renovable se especifican a continuación:,Electricidad y Electrónica,3_Bachiller Técnico,MF_491_3,Montaje de estaciones microhidroeléctricas
ELE052_3,Energía Renovable se especifican a continuación:,Electricidad y Electrónica,3_Bachiller Técnico,MF_492_3,Mantenimiento de estaciones microhidroeléctricas
ELE052_3,Energía Renovable se especifican a continuación:,Electricidad y Electrónica,3_Bachiller Técnico,MF_493_3,Duración: 360 horas
SAL058_3,Cuidados de Enfermería y Promoción de la Salud Pág. 1,Salud,3_Bachiller Técnico,MF_534_3,Sistema de salud y atención de enfermería
SAL058_3,Cuidados de Enfermería y Promoción de la Salud Pág. 1,Salud,3_Bachiller Técnico,MF_535_3,Operaciones administrativas del área de atención a la salud
SAL058_3,Cuidados de Enfermería y Promoción de la Salud Pág. 1,Salud,3_Bachiller Técnico,MF_536_3,Anatomía y fisiología humanas para enfermería
SAL058_3,Cuidados de Enfermería y Promoción de la Salud Pág. 1,Salud,3_Bachiller Técnico,MF_537_3,Promoción de la salud
SAL058_3,Cuidados de Enfermería y Promoción de la Salud Pág. 1,Salud,3_Bachiller Técnico,MF_538_3,Cuidados de higiene del (de la) usuario(a) y su entorno
SAL058_3,Cuidados de Enfermería y Promoción de la Salud Pág. 1,Salud,3_Bachiller Técnico,MF_539_3,Cuidados básicos de salud
SAL058_3,Cuidados de Enfermería y Promoción de la Salud Pág. 1,Salud,3_Bachiller Técnico,MF_540_3,Cuidados de salud en servicios especializados
SAL058_3,Cuidados de Enfermería y Promoción de la Salud Pág. 1,Salud,3_Bachiller Técnico,MF_541_3,Asistencia en caso de accidente o situación de emergencia
SAL058_3,Cuidados de Enfermería y Promoción de la Salud Pág. 1,Salud,3_Bachiller Técnico,MF_542_3,Orientación y apoyo emocional al (a la) usuario(a) de los servicios de salud
SAL058_3,Cuidados de Enfermería y Promoción de la Salud Pág. 1,Salud,3_Bachiller Técnico,MF_543_3,Asistencia al odontólogo u odontóloga en la salud bucodental
SAL058_3,Cuidados de Enfermería y Promoción de la Salud Pág. 1,Salud,3_Bachiller Técnico,MF_544_3,Promoción de caso de Formación en
SAL059_3,Atención a Emergencias de la Salud Pág. 1,Salud,3_Bachiller Técnico,MF_545_3,Vehículo sanitario
SAL059_3,Atención a Emergencias de la Salud Pág. 1,Salud,3_Bachiller Técnico,MF_546_3,Traslado del usuario o usuaria al centro de salud
SAL059_3,Atención a Emergencias de la Salud Pág. 1,Salud,3_Bachiller Técnico,MF_547_3,Movilización e inmovilización del usuario o usuaria en el centro de salud
SAL059_3,Atención a Emergencias de la Salud Pág. 1,Salud,3_Bachiller Técnico,MF_548_3,Atención inicial de salud a los(as) usuarios(as) ante situaciones de emergencia
SAL059_3,Atención a Emergencias de la Salud Pág. 1,Salud,3_Bachiller Técnico,MF_549_3,Planes de emergencias y dispositivos de riesgo previsible
SAL059_3,Atención a Emergencias de la Salud Pág. 1,Salud,3_Bachiller Técnico,MF_550_3,Logística y atención de salud en situaciones con múltiples víctimas y catástrofes
SAL059_3,Atención a Emergencias de la Salud Pág. 1,Salud,3_Bachiller Técnico,MF_551_3,Apoyo emocional y social al usuario o usuaria ante situaciones de emergencia
SAL059_3,Atención a Emergencias de la Salud Pág. 1,Salud,3_Bachiller Técnico,MF_552_3,Traslado del
SAL060_3,Farmacia y Parafarmacia Pág. 1,Salud,3_ Bachiller Técnico,MF_553_3,Morfofunción del organismo humano
SAL060_3,Farmacia y Parafarmacia Pág. 1,Salud,3_ Bachiller Técnico,MF_554_3,Establecimientos y servicios de farmacia y parafarmacia
SAL060_3,Farmacia y Parafarmacia Pág. 1,Salud,3_ Bachiller Técnico,MF_555_3,Dispensación y uso racional de medicamentos
SAL060_3,Farmacia y Parafarmacia Pág. 1,Salud,3_ Bachiller Técnico,MF_556_3,Dispensación de productos sanitarios y parafarmacéuticos
SAL060_3,Farmacia y Parafarmacia Pág. 1,Salud,3_ Bachiller Técnico,MF_557_3,Farmacia hospitalaria
SAL060_3,Farmacia y Parafarmacia Pág. 1,Salud,3_ Bachiller Técnico,MF_558_3,Primeros auxilios
SAL060_3,Farmacia y Parafarmacia Pág. 1,Salud,3_ Bachiller Técnico,MF_559_3,Promoción de la salud y prevención de enfermedades
SAL060_3,Farmacia y Parafarmacia Pág. 1,Salud,3_ Bachiller Técnico,MF_560_3,Duración: 360 horas
TUH001_3,Servicios Gastronómicos Pág. 1,Turismo y Hostelería,3_Bachiller Técnico,MF_009_3,Organización y producción de ofertas gastronómicas
TUH001_3,Servicios Gastronómicos Pág. 1,Turismo y Hostelería,3_Bachiller Técnico,MF_010_3,Elaboración y producción gastronómica
TUH001_3,Servicios Gastronómicos Pág. 1,Turismo y Hostelería,3_Bachiller Técnico,MF_011_3,Postres
TUH001_3,Servicios Gastronómicos Pág. 1,Turismo y Hostelería,3_Bachiller Técnico,MF_012_3,Preparación y servicio de bebidas alcohólicas y no alcohólicas
TUH001_3,Servicios Gastronómicos Pág. 1,Turismo y Hostelería,3_Bachiller Técnico,MF_013_3,Servicio de alimentos y bebidas
TUH001_3,Servicios Gastronómicos Pág. 1,Turismo y Hostelería,3_Bachiller Técnico,MF_014_3,Buffet; catering y banquetes
TUH001_3,Servicios Gastronómicos Pág. 1,Turismo y Hostelería,3_Bachiller Técnico,MF_015_3,Seguridad e higiene en la producción gastronómica
TUH001_3,Servicios Gastronómicos Pág. 1,Turismo y Hostelería,3_Bachiller Técnico,MF_016_3,Inglés en actividades de turismo y hostelería
TUH001_3,Servicios Gastronómicos Pág. 1,Turismo y Hostelería,3_Bachiller Técnico,MF_017_3,Segunda lengua extranjera en actividades de turismo y hostelería
TUH001_3,Servicios Gastronómicos Pág. 1,Turismo y Hostelería,3_Bachiller Técnico,MF_018_3,Costos de alimentos y bebidas
TUH001_3,Servicios Gastronómicos Pág. 1,Turismo y Hostelería,3_Bachiller Técnico,MF_019_3,Cocina dominicana
TUH001_3,Servicios Gastronómicos Pág. 1,Turismo y Hostelería,3_Bachiller Técnico,MF_020_3,Formación en 8 360 360
TUH002_3,Servicios de Alojamiento Pág. 1,Turismo y Hostelería,3_Bachiller Técnico,MF_021_3,Comercialización de servicios de alojamiento
TUH002_3,Servicios de Alojamiento Pág. 1,Turismo y Hostelería,3_Bachiller Técnico,MF_022_3,Operación de reservas
TUH002_3,Servicios de Alojamiento Pág. 1,Turismo y Hostelería,3_Bachiller Técnico,MF_023_3,Recepción
TUH002_3,Servicios de Alojamiento Pág. 1,Turismo y Hostelería,3_Bachiller Técnico,MF_024_3,Eco-alojamiento
TUH002_3,Servicios de Alojamiento Pág. 1,Turismo y Hostelería,3_Bachiller Técnico,MF_025_3,Servicios de ama de llaves
TUH002_3,Servicios de Alojamiento Pág. 1,Turismo y Hostelería,3_Bachiller Técnico,MF_016_3,Inglés en actividades de turismo y hostelería
TUH002_3,Servicios de Alojamiento Pág. 1,Turismo y Hostelería,3_Bachiller Técnico,MF_017_3,Segunda lengua extranjera en actividades de turismo y hostelería
TUH002_3,Servicios de Alojamiento Pág. 1,Turismo y Hostelería,3_Bachiller Técnico,MF_028_3,Duración: 360 horas
TUH003_3,Servicios Turísticos Pág. 1,Turismo y Hostelería,3_Bachiller Técnico,MF_029_3,Agencias de viajes
TUH003_3,Servicios Turísticos Pág. 1,Turismo y Hostelería,3_Bachiller Técnico,MF_030_3,Servicios de tour operador
TUH003_3,Servicios Turísticos Pág. 1,Turismo y Hostelería,3_Bachiller Técnico,MF_031_3,Información turística
TUH003_3,Servicios Turísticos Pág. 1,Turismo y Hostelería,3_Bachiller Técnico,MF_032_3,Organización de eventos
TUH003_3,Servicios Turísticos Pág. 1,Turismo y Hostelería,3_Bachiller Técnico,MF_033_3,Servicios de transportación turística
TUH003_3,Servicios Turísticos Pág. 1,Turismo y Hostelería,3_Bachiller Técnico,MF_034_3,Animación turística
TUH003_3,Servicios Turísticos Pág. 1,Turismo y Hostelería,3_Bachiller Técnico,MF_035_3,Servicios de guías de turismo
TUH003_3,Servicios Turísticos Pág. 1,Turismo y Hostelería,3_Bachiller Técnico,MF_016_3,Inglés en actividades de turismo y hostelería
TUH003_3,Servicios Turísticos Pág. 1,Turismo y Hostelería,3_Bachiller Técnico,MF_017_3,Segunda lengua extranjera en actividades de turismo y hostelería
TUH003_3,Servicios Turísticos Pág. 1,Turismo y Hostelería,3_Bachiller Técnico,MF_037_3,extranjera en
TUH003_3,Servicios Turísticos Pág. 1,Turismo y Hostelería,3_Bachiller Técnico,MF_038_3,Duración: 360 horas
AVG067_3,Producción y Realizaciones de,Audiovisuales y Gráficas,3_Bachiller Técnico,MF_612_3,Producción audiovisual
AVG067_3,Producción y Realizaciones de,Audiovisuales y Gráficas,3_Bachiller Técnico,MF_613_3,Edición y postproducción de audiovisuales
AVG067_3,Producción y Realizaciones de,Audiovisuales y Gráficas,3_Bachiller Técnico,MF_614_3,Realización multimedia
AVG067_3,Producción y Realizaciones de,Audiovisuales y Gráficas,3_Bachiller Técnico,MF_615_3,Realización audiovisual
AVG067_3,Producción y Realizaciones de,Audiovisuales y Gráficas,3_Bachiller Técnico,MF_616_3,Producción de espectáculos; eventos y obras teatrales
AVG067_3,Producción y Realizaciones de,Audiovisuales y Gráficas,3_Bachiller Técnico,MF_617_3,Regiduría de espectáculos y eventos
AVG067_3,Producción y Realizaciones de,Audiovisuales y Gráficas,3_Bachiller Técnico,MF_618_3,Animación audiovisual en vivo
AVG067_3,Producción y Realizaciones de,Audiovisuales y Gráficas,3_Bachiller Técnico,MF_619_3,Edición y Regiduría de
AVG069_3,Multimedia y Gráficas se especifican a continuación:,Audiovisuales y Gráficas,3_Bachiller Técnico,MF_627_3,Planificación de proyectos gráficos y multimedia
AVG069_3,Multimedia y Gráficas se especifican a continuación:,Audiovisuales y Gráficas,3_Bachiller Técnico,MF_628_3,Composición y maquetación de textos en multimedia y gráfica
AVG069_3,Multimedia y Gráficas se especifican a continuación:,Audiovisuales y Gráficas,3_Bachiller Técnico,MF_629_3,Retoque y tratamiento de imágenes
AVG069_3,Multimedia y Gráficas se especifican a continuación:,Audiovisuales y Gráficas,3_Bachiller Técnico,MF_630_3,Arte final de productos gráficos
AVG069_3,Multimedia y Gráficas se especifican a continuación:,Audiovisuales y Gráficas,3_Bachiller Técnico,MF_631_3,Edición; postproducción y generación de video
AVG069_3,Multimedia y Gráficas se especifican a continuación:,Audiovisuales y Gráficas,3_Bachiller Técnico,MF_632_3,Productos interactivos multimedia y webs
AVG069_3,Multimedia y Gráficas se especifican a continuación:,Audiovisuales y Gráficas,3_Bachiller Técnico,MF_633_3,Formación
AVG070_3,Procesos,Audiovisuales y Gráficas,3_Bachiller Técnico,MF_634_3,Materias primas en el proceso gráfico
AVG070_3,Procesos,Audiovisuales y Gráficas,3_Bachiller Técnico,MF_635_3,Calidad del proceso gráfico
AVG070_3,Procesos,Audiovisuales y Gráficas,3_Bachiller Técnico,MF_636_3,Preimpresión offset y serigráfica
AVG070_3,Procesos,Audiovisuales y Gráficas,3_Bachiller Técnico,MF_637_3,Preparación de archivos para impresión digital
AVG070_3,Procesos,Audiovisuales y Gráficas,3_Bachiller Técnico,MF_638_3,Impresión offset
AVG070_3,Procesos,Audiovisuales y Gráficas,3_Bachiller Técnico,MF_639_3,Impresión serigráfica
AVG070_3,Procesos,Audiovisuales y Gráficas,3_Bachiller Técnico,MF_640_3,Impresión digital
AVG070_3,Procesos,Audiovisuales y Gráficas,3_Bachiller Técnico,MF_645_3,de archivos
AVG070_3,Procesos,Audiovisuales y Gráficas,3_Bachiller Técnico,MF_643_3,Calidad del Formación
AVG070_3,Procesos,Audiovisuales y Gráficas,3_Bachiller Técnico,MF_641_3,Duración: 720 horas
FIM032_3,Electromecánica de Vehículos se especifican a continuación:,Fabricación; Instalación y Mantenimiento,3_BachillerTécnico,MF_298_3,Motor de combustión interna
FIM032_3,Electromecánica de Vehículos se especifican a continuación:,Fabricación; Instalación y Mantenimiento,3_BachillerTécnico,MF_299_3,Componentes y sistemas auxiliares del motor
FIM032_3,Electromecánica de Vehículos se especifican a continuación:,Fabricación; Instalación y Mantenimiento,3_BachillerTécnico,MF_300_3,Sistemas de dirección y suspensión
FIM032_3,Electromecánica de Vehículos se especifican a continuación:,Fabricación; Instalación y Mantenimiento,3_BachillerTécnico,MF_301_3,Sistemas de alimentación; inyección y sobrealimentación
FIM032_3,Electromecánica de Vehículos se especifican a continuación:,Fabricación; Instalación y Mantenimiento,3_BachillerTécnico,MF_302_3,Sistemas de transmisión; frenos y trenes de rodaje
FIM032_3,Electromecánica de Vehículos se especifican a continuación:,Fabricación; Instalación y Mantenimiento,3_BachillerTécnico,MF_303_3,Sistemas de carga y arranque
FIM032_3,Electromecánica de Vehículos se especifican a continuación:,Fabricación; Instalación y Mantenimiento,3_BachillerTécnico,MF_304_3,Sistemas eléctricos y electrónicos
FIM032_3,Electromecánica de Vehículos se especifican a continuación:,Fabricación; Instalación y Mantenimiento,3_BachillerTécnico,MF_305_3,Sistemas de seguridad; confortabilidad y personificación
FIM032_3,Electromecánica de Vehículos se especifican a continuación:,Fabricación; Instalación y Mantenimiento,3_BachillerTécnico,MF_262_3,Riesgos laborales y medioambientales en los procesos industriales de fabricación; instalación
FIM032_3,Electromecánica de Vehículos se especifican a continuación:,Fabricación; Instalación y Mantenimiento,3_BachillerTécnico,MF_306_3,16 720 720
FIM028_3,Construcciones Metálicas se especifican a continuación:,Fabricación; Instalación y Mantenimiento,3_Bachiller Técnico,MF_264_3,Representación y diseño asistido por ordenador (CAD) de construcciones metálicas
FIM028_3,Construcciones Metálicas se especifican a continuación:,Fabricación; Instalación y Mantenimiento,3_Bachiller Técnico,MF_265_3,Preparación para proceder a la soldadura y al montaje
FIM028_3,Construcciones Metálicas se especifican a continuación:,Fabricación; Instalación y Mantenimiento,3_Bachiller Técnico,MF_266_3,Soldadura con oxigás; con o sin metal de aportación
FIM028_3,Construcciones Metálicas se especifican a continuación:,Fabricación; Instalación y Mantenimiento,3_Bachiller Técnico,MF_267_3,Soldadura con electrodos revestidos
FIM028_3,Construcciones Metálicas se especifican a continuación:,Fabricación; Instalación y Mantenimiento,3_Bachiller Técnico,MF_268_3,Soldadura con arco bajo gas protector con electrodo no consumible (TIG)
FIM028_3,Construcciones Metálicas se especifican a continuación:,Fabricación; Instalación y Mantenimiento,3_Bachiller Técnico,MF_269_3,Soldadura con arco bajo gas protector con electrodo consumible (MIG/MAG)
FIM028_3,Construcciones Metálicas se especifican a continuación:,Fabricación; Instalación y Mantenimiento,3_Bachiller Técnico,MF_270_3,Control de calidad en soldadura y montaje
FIM028_3,Construcciones Metálicas se especifican a continuación:,Fabricación; Instalación y Mantenimiento,3_Bachiller Técnico,MF_271_3,Montaje e instalación de elementos y estructuras de construcciones metálicas
FIM028_3,Construcciones Metálicas se especifican a continuación:,Fabricación; Instalación y Mantenimiento,3_Bachiller Técnico,MF_262_3,Riesgos laborales y medioambientales en los procesos industriales de fabricación; instalación
FIM028_3,Construcciones Metálicas se especifican a continuación:,Fabricación; Instalación y Mantenimiento,3_Bachiller Técnico,MF_272_3,Duración: 720 horas
FIM027_3,Mecanizado; se especifican a continuación:,Fabricación; Instalación y Mantenimiento,3_ Bachiller Técnico,MF_252_3,Procesos y procedimientos de mecanizado
FIM027_3,Mecanizado; se especifican a continuación:,Fabricación; Instalación y Mantenimiento,3_ Bachiller Técnico,MF_253_3,Representación y diseño asistido por computador (CAD) de productos mecánicos
FIM027_3,Mecanizado; se especifican a continuación:,Fabricación; Instalación y Mantenimiento,3_ Bachiller Técnico,MF_254_3,Preparación de máquinas para mecanizar
FIM027_3,Mecanizado; se especifican a continuación:,Fabricación; Instalación y Mantenimiento,3_ Bachiller Técnico,MF_255_3,Mecanizado por arranque de viruta
FIM027_3,Mecanizado; se especifican a continuación:,Fabricación; Instalación y Mantenimiento,3_ Bachiller Técnico,MF_256_3,Mecanizado por abrasión
FIM027_3,Mecanizado; se especifican a continuación:,Fabricación; Instalación y Mantenimiento,3_ Bachiller Técnico,MF_257_3,Mecanizado por conformación
FIM027_3,Mecanizado; se especifican a continuación:,Fabricación; Instalación y Mantenimiento,3_ Bachiller Técnico,MF_258_3,Mecanizado por procedimientos especiales
FIM027_3,Mecanizado; se especifican a continuación:,Fabricación; Instalación y Mantenimiento,3_ Bachiller Técnico,MF_259_3,Programación de máquinas de CNC (Control Numérico Computarizado) para mecanizar
FIM027_3,Mecanizado; se especifican a continuación:,Fabricación; Instalación y Mantenimiento,3_ Bachiller Técnico,MF_260_3,Fabricación asistida por computador (CAM) de productos mecánicos
FIM027_3,Mecanizado; se especifican a continuación:,Fabricación; Instalación y Mantenimiento,3_ Bachiller Técnico,MF_261_3,Control de calidad en el mecanizado
FIM027_3,Mecanizado; se especifican a continuación:,Fabricación; Instalación y Mantenimiento,3_ Bachiller Técnico,MF_262_3,Riesgos laborales y medioambientales en los procesos industriales de fabricación; instalación
FIM027_3,Mecanizado; se especifican a continuación:,Fabricación; Instalación y Mantenimiento,3_ Bachiller Técnico,MF_263_3,Duración: 720 horas
AGA009_3,Agropecuaria se especifican a continuación:,Agraria,3_Bachiller Técnico,MF_077_3,Acondicionamiento y preparación de suelo
AGA009_3,Agropecuaria se especifican a continuación:,Agraria,3_Bachiller Técnico,MF_078_3,Manejo de instalaciones; herramientas; maquinarias y equipos agrícola
AGA009_3,Agropecuaria se especifican a continuación:,Agraria,3_Bachiller Técnico,MF_079_3,Cultivos
AGA009_3,Agropecuaria se especifican a continuación:,Agraria,3_Bachiller Técnico,MF_080_3,Repoblación y manejo de plantaciones y bosques naturales
AGA009_3,Agropecuaria se especifican a continuación:,Agraria,3_Bachiller Técnico,MF_081_3,Protección vegetal
AGA009_3,Agropecuaria se especifican a continuación:,Agraria,3_Bachiller Técnico,MF_082_3,Mantenimientos y uso de instalaciones pecuarias
AGA009_3,Agropecuaria se especifican a continuación:,Agraria,3_Bachiller Técnico,MF_083_3,Enfermedades en sistemas de producción pecuaria
AGA009_3,Agropecuaria se especifican a continuación:,Agraria,3_Bachiller Técnico,MF_084_3,Producción Avícola
AGA009_3,Agropecuaria se especifican a continuación:,Agraria,3_Bachiller Técnico,MF_085_3,Producción de Rumiantes
AGA009_3,Agropecuaria se especifican a continuación:,Agraria,3_Bachiller Técnico,MF_086_3,Producción de Porcinos
AGA009_3,Agropecuaria se especifican a continuación:,Agraria,3_Bachiller Técnico,MF_087_3,Duración: 360 Horas
AGA010_3,Asistencia a Veterinaria Pág. 1,Agraria,3_Bachiller Técnico,MF_088_3,Prevención de riesgos asociados al manejo de animales y productos tóxicos
AGA010_3,Asistencia a Veterinaria Pág. 1,Agraria,3_Bachiller Técnico,MF_089_3,Consulta clínica veterinaria
AGA010_3,Asistencia a Veterinaria Pág. 1,Agraria,3_Bachiller Técnico,MF_090_3,Quirófano del centro veterinario
AGA010_3,Asistencia a Veterinaria Pág. 1,Agraria,3_Bachiller Técnico,MF_091_3,Hospitalización de animales
AGA010_3,Asistencia a Veterinaria Pág. 1,Agraria,3_Bachiller Técnico,MF_092_3,Procedimientos de imagen para el diagnóstico en veterinaria
AGA010_3,Asistencia a Veterinaria Pág. 1,Agraria,3_Bachiller Técnico,MF_093_3,Análisis de laboratorio en muestras biológicas animales
AGA010_3,Asistencia a Veterinaria Pág. 1,Agraria,3_Bachiller Técnico,MF_094_3,Cuidados higiénicos aplicados a animales de compañía
AGA010_3,Asistencia a Veterinaria Pág. 1,Agraria,3_Bachiller Técnico,MF_095_3,Prevención zoosanitaria en producción pecuaria
AGA010_3,Asistencia a Veterinaria Pág. 1,Agraria,3_Bachiller Técnico,MF_096_3,Atención al cliente y ventas en centros veterinarios
AGA010_3,Asistencia a Veterinaria Pág. 1,Agraria,3_Bachiller Técnico,MF_097_3,Hospitalización Prevención Formación en
